All Ordinaries Index (1 July 2018),,,,,,
Code,Company,Sector,Market Cap,Weight(%),,
3PL,3P Learning Limited,Consumer Discretionary,"174,043,000",0.01,,
APE,A.P. Eagers Limited,Consumer Discretionary,"1,631,870,000",0.08,,
ABP,Abacus Property Group Units/ Stapled Securities,Real Estate,"2,184,200,000",0.11,,
AX1,Accent Group Limited,Consumer Discretionary,"894,781,000",0.05,,
ADA,Adacel Technologies,Information Technology,"132,535,000",0.01,,
ADH,Adairs Limited,Consumer Discretionary,"369,901,000",0.02,,
ABC,Adelaide Brighton,Materials,"4,521,740,000",0.23,,
APT,Afterpay Touch,Information Technology,"2,036,210,000",0.1,,
AGL,AGL Energy Limited,Utilities,"14,742,900,000",0.76,,
AGI,Ainsworth Game Tech,Consumer Discretionary,"345,813,000",0.02,,
AXP,Airxpanders Inc Cdi Forus,Health Care,"197,078,000",0.01,,
AJL,AJ Lucas Group,Industrials,"247,532,000",0.01,,
AQG,Alacer Gold Corp Chess Depositary Interests 1:1,Materials,"251,290,000",0.01,,
ALK,Alkane Resources Limited,Materials,"116,402,000",0.01,,
AQZ,Alliance Aviation,Industrials,"238,950,000",0.01,,
ALQ,Als Limited,Industrials,"3,697,960,000",0.19,,
ALU,Altium Limited,Information Technology,"2,932,710,000",0.15,,
AJM,Altura Mining Limited,Materials,"591,457,000",0.03,,
AWC,Alumina Limited,Materials,"8,063,560,000",0.41,,
AMA,AMA Group Limited,Consumer Discretionary,"551,175,000",0.03,,
AYS,Amaysim Aus Limited,Telecommunication Services,"223,440,000",0.01,,
AMC,Amcor Limited,Materials,"16,688,800,000",0.86,,
AMP,AMP Limited,Financials,"10,389,700,000",0.53,,
AGG,Anglogold Ashanti Cdi 5:1 Foreign Exempt Jse,Materials,"192,689,000",0.01,,
ANN,Ansell Limited,Health Care,"3,870,310,000",0.2,,
ANZ,ANZ Banking Group Limited,Financials,"81,735,300,000",4.2,,
APA,APA Group Units FP Stapled Securities,Utilities,"11,622,000,000",0.6,,
APO,Apn Outdoor Group,Consumer Discretionary,"1,048,800,000",0.05,,
ATL,Apollo Tourism,Consumer Discretionary,"301,157,000",0.02,,
APX,Appen Limited,Information Technology,"1,422,230,000",0.07,,
ARB,ARB Corporation,Consumer Discretionary,"1,811,420,000",0.09,,
AAD,Ardent Leisure Group Ordinary/Units FP Stapled Securities,Consumer Discretionary,"930,905,000",0.05,,
ARF,Arena REIT Stapled Securities FP,Real Estate,"579,105,000",0.03,,
AGY,Argosy Minerals Limited,Materials,"220,439,000",0.01,,
ALL,Aristocrat Leisure,Consumer Discretionary,"19,731,000,000",1.01,,
ARQ,ARQ Group Limited,Information Technology,"391,045,000",0.02,,
ARV,Artemis Resources,Materials,"107,898,000",0.01,,
AHY,Asaleo Care Limited,Consumer Staples,"757,656,000",0.04,,
AJD,Asia Pacific Data Stapled Securities,Real Estate,"220,800,000",0.01,,
ASX,ASX Limited,Financials,"12,465,600,000",0.64,,
ALX,Atlas Arteria Ordinary Stapled Securities,Industrials,"4,306,740,000",0.22,,
AGO,Atlas Iron Limited,Materials,"399,023,000",0.02,,
AUB,AUB Group Limited,Financials,"867,035,000",0.04,,
AIA,Auckland Internation Foreign Exempt NZX,Industrials,"7,492,030,000",0.39,,
AKP,Audio Pixels Limited,Consumer Discretionary,"467,945,000",0.02,,
AMI,Aurelia Metals Limited,Materials,"487,851,000",0.03,,
AZJ,Aurizon Holdings Limited,Industrials,"8,617,260,000",0.44,,
ASL,Ausdrill Limited,Materials,"664,632,000",0.03,,
AST,Ausnet Services Limited,Utilities,"5,801,030,000",0.3,,
AFG,Aust Finance Group,Financials,"301,812,000",0.02,,
ASB,Austal Limited,Industrials,"652,595,000",0.03,,
AAC,Australian Agricult,Consumer Staples,"759,486,000",0.04,,
AUZ,Australian Mines Limited,Materials,"238,325,000",0.01,,
API,Australian Pharm,Health Care,"837,129,000",0.04,,
AOF,Australian Unity Off Ordinary Units FP,Real Estate,"407,080,000",0.02,,
ATS,Australis Oil & Gas,Energy,"382,772,000",0.02,,
ABA,Auswide Bank Limited,Financials,"237,185,000",0.01,,
AHG,Automotive Holdings,Consumer Discretionary,"945,126,000",0.05,,
ASG,Autosports Group Limited,Consumer Discretionary,"341,700,000",0.02,,
AVN,Aventus Retail Fund Ordinary Units FP,Real Estate,"1,106,950,000",0.06,,
AOG,Aveo Group Ordinary/Units FP Stapled Securities,Real Estate,"1,411,440,000",0.07,,
AVJ,Avjennings Limited,Real Estate,"278,423,000",0.01,,
AVZ,AVZ Minerals Limited,Materials,"196,188,000",0.01,,
BBN,Baby Bunting Group Limited,Consumer Discretionary,"183,302,000",0.01,,
BOQ,Bank of Queensland,Financials,"4,048,610,000",0.21,,
BAP,Bapcor Limited,Consumer Discretionary,"1,835,600,000",0.09,,
BSE,Base Res Limited,Materials,"332,635,000",0.02,,
BRL,Bathurst Res Limited,Materials,"226,975,000",0.01,,
BPT,Beach Energy Limited,Energy,"3,995,380,000",0.21,,
BLX,Beacon Lighting Group,Consumer Discretionary,"330,087,000",0.02,,
BDR,Beadell Resource Limited,Materials,"87,587,200",0,,
BGA,Bega Cheese Limited,Consumer Staples,"1,371,260,000",0.07,,
BFG,Bell Financial Group,Financials,"228,530,000",0.01,,
BAL,Bellamy's Australia,Consumer Staples,"1,760,930,000",0.09,,
BEN,Bendigo and Adelaide,Financials,"5,254,810,000",0.27,,
BKY,Berkeley Energia Limited,Energy,"185,920,000",0.01,,
BHP,BHP Billiton Limited,Materials,"108,908,000,000",5.6,,
BIN,Bingo Industries Limited,Industrials,"1,111,890,000",0.06,,
BNO,Bionomics Limited,Health Care,"255,872,000",0.01,,
BKL,Blackmores Limited,Consumer Staples,"2,454,790,000",0.13,,
BUL,Blue Energy Limited,Energy,"105,095,000",0.01,,
BLA,Blue Sky Limited,Financials,"132,185,000",0.01,,
BSL,Bluescope Steel Limited,Materials,"9,464,200,000",0.49,,
BLY,Boart Longyear,Industrials,"262,898,000",0.01,,
BLD,Boral Limited,Materials,"7,655,330,000",0.39,,
BRN,Brainchip Limited,Information Technology,"127,930,000",0.01,,
BXB,Brambles Limited,Industrials,"14,136,100,000",0.73,,
BVS,Bravura Solution Limited,Information Technology,"687,730,000",0.04,,
BRG,Breville Group Limited,Consumer Discretionary,"1,511,710,000",0.08,,
BKW,Brickworks Limited,Materials,"2,336,750,000",0.12,,
BSA,BSA Limited,Industrials,"129,014,000",0.01,,
BUB,Bubs Aust Limited,Consumer Staples,"302,226,000",0.02,,
BWP,BWP Trust Ordinary Units FP,Real Estate,"2,087,750,000",0.11,,
BWX,BWX Limited,Consumer Staples,"699,568,000",0.04,,
CAB,Cabcharge Australia,Industrials,"289,034,000",0.01,,
CAN,Cann Group Limited,Health Care,"373,893,000",0.02,,
CAJ,Capitol Health,Health Care,"261,938,000",0.01,,
CAR,Carsales.com Limited,Information Technology,"3,673,710,000",0.19,,
CAT,Catapult Group Int Limited,Information Technology,"233,847,000",0.01,,
CBA,Commonwealth Bank,Financials,"128,240,000,000",6.59,,
A2M,The a2 Milk Company,Consumer Staples,"7,680,010,000",0.39,,
CCL,Coca-Cola Amatil,Consumer Staples,"6,660,800,000",0.34,,
CCP,Credit Corp Group,Financials,"862,102,000",0.04,,
CCV,Cash Converters,Consumer Discretionary,"191,096,000",0.01,,
CDA,Codan Limited,Information Technology,"534,570,000",0.03,,
CDD,Cardno Limited,Industrials,"637,855,000",0.03,,
CDP,Carindale Property Units FP,Real Estate,"570,500,000",0.03,,
CDV,Cardinal Reso Limited,Materials,"160,632,000",0.01,,
CEN,Contact Energy Limited Foreign Exempt NZX,Utilities,"986,386,000",0.05,,
CGC,Costa Group Holdings,Consumer Staples,"2,637,510,000",0.14,,
CGF,Challenger Limited,Financials,"7,226,420,000",0.37,,
CGL,The Citadel Group,Information Technology,"322,557,000",0.02,,
CHC,Charter Hall Group Stapled Securities US Prohibited,Real Estate,"3,036,870,000",0.16,,
CIA,Champion Iron Limited,Materials,"553,104,000",0.03,,
CII,Ci Resources Limited,Materials,"202,267,000",0.01,,
CIM,Cimic Group Limited,Industrials,"13,715,900,000",0.71,,
CIP,Centuria I REIT Ordinary Units FP,Real Estate,"638,278,000",0.03,,
CKF,Collins Foods Limited,Consumer Discretionary,"648,725,000",0.03,,
CL1,Class Limited,Information Technology,"282,389,000",0.01,,
CLH,Collection House,Industrials,"204,357,000",0.01,,
CLQ,Clean TEQ Holdings Limited,Industrials,"597,624,000",0.03,,
CLW,CHTR H LWR Stapled Securities,Real Estate,"1,022,120,000",0.05,,
CMA,Centuria Metro REIT Ordinary Units FP,Real Estate,"602,125,000",0.03,,
CMW,Cromwell Prop Ordinary/Units FP Stapled Securities,Real Estate,"2,223,560,000",0.11,,
CNI,Centuria Capital Stapled Securities,Financials,"428,234,000",0.02,,
CNU,Chorus Limited Foreign Exempt NZX,Telecommunication Services,"1,641,230,000",0.08,,
COE,Cooper Energy Limited,Energy,"616,415,000",0.03,,
COH,Cochlear Limited,Health Care,"11,519,300,000",0.59,,
CPU,Computershare Limited,Information Technology,"10,006,700,000",0.51,,
CQR,Charter Hall Retail Units FP,Real Estate,"1,687,450,000",0.09,,
CRD,Credible Labs Chess Depositary Interests 25:1 US Prohibited,Financials,"107,696,000",0.01,,
CRR,Conven Retail REIT Stapled Securities,Real Estate,"213,873,000",0.01,,
CSL,CSL Limited,Health Care,"87,141,300,000",4.48,,
CSR,CSR Limited,Materials,"2,314,770,000",0.12,,
CTD,Corp Travel Limited,Consumer Discretionary,"2,896,760,000",0.15,,
CTX,Caltex Australia,Energy,"8,486,770,000",0.44,,
CUV,Clinuvel Pharmaceut,Health Care,"526,547,000",0.03,,
CVC,CVC Limited,Financials,"318,068,000",0.02,,
CVW,Clearview Wealth Limited,Financials,"775,185,000",0.04,,
CWN,Crown Resorts Limited,Consumer Discretionary,"9,280,190,000",0.48,,
CWP,Cedar Woods Prop,Real Estate,"458,015,000",0.02,,
CWY,Cleanaway Waste Limited,Industrials,"3,442,000,000",0.18,,
CYB,CYBG Plc Cdi 1:1 Foreign Exempt Lse,Financials,"4,147,420,000",0.21,,
CZZ,Capilano Honey Limited,Consumer Staples,"157,940,000",0.01,,
DCG,Decmil Group Limited,Industrials,"168,598,000",0.01,,
DCN,Dacian Gold Limited,Materials,"586,658,000",0.03,,
DDR,Dicker Data Limited,Information Technology,"465,705,000",0.02,,
DFM,Dongfang Modern AG,Consumer Staples,"416,153,000",0.02,,
DHG,Domain Holdings Aus,Information Technology,"1,869,190,000",0.1,,
DLX,Duluxgroup Limited,Materials,"2,977,760,000",0.15,,
DMP,Domino PIZZA Enterpr,Consumer Discretionary,"4,457,920,000",0.23,,
DNA,Donaco International,Consumer Discretionary,"119,626,000",0.01,,
DNK,Danakali Limited,Materials,"178,073,000",0.01,,
DOW,Downer Edi Limited,Industrials,"4,032,080,000",0.21,,
DTL,Data#3 Limited,Information Technology,"246,360,000",0.01,,
DWS,DWS Limited,Information Technology,"166,107,000",0.01,,
DXS,Dexus Units FP Stapled,Real Estate,"9,876,980,000",0.51,,
ECX,Eclipx Group Limited,Financials,"1,003,270,000",0.05,,
EDE,Eden INV Limited,Energy,"81,596,400",0,,
EHE,Estia Health Limited,Health Care,"857,383,000",0.04,,
EHL,Emeco Holdings,Industrials,"1,192,070,000",0.06,,
ELD,Elders Limited,Consumer Staples,"979,826,000",0.05,,
EML,EML Payments Limited,Financials,"350,208,000",0.02,,
ENN,Elanor Investors Group Stapled Securities FP,Consumer Discretionary,"191,070,000",0.01,,
EOS,Electro Optic SYS,Industrials,"281,584,000",0.01,,
EPW,Erm Power Limited,Utilities,"378,937,000",0.02,,
EQT,Equity HL,Financials,"423,151,000",0.02,,
ERA,Energy Resources 'A',Energy,"204,501,000",0.01,,
ERF,Elanoretl Property Stapled Securities,Real Estate,"166,061,000",0.01,,
ESV,Eservglobal Limited,Information Technology,"136,028,000",0.01,,
EVN,Evolution Mining Limited,Materials,"5,941,070,000",0.31,,
EVT,Event Hospitality,Consumer Discretionary,"2,149,860,000",0.11,,
EWC,Energy World Corpor,Utilities,"305,257,000",0.02,,
EXP,Experience Co Limited,Consumer Discretionary,"351,395,000",0.02,,
EZL,EUROZ Limited,Financials,"201,237,000",0.01,,
FAR,FAR Limited,Energy,"573,461,000",0.03,,
FBR,Fastbrick Robotics,Industrials,"190,998,000",0.01,,
FBU,Fletcher Building Foreign Exempt NZX,Materials,"5,435,820,000",0.28,,
FDM,Freedom Oil Gas,Energy,"264,003,000",0.01,,
FET,Folkestone Edu Trust Units FP,Real Estate,"687,978,000",0.04,,
FID,Fiducian Group Limited,Financials,"145,692,000",0.01,,
FLC,Fluence Corporation,Industrials,"168,184,000",0.01,,
FLK,Folkestone Limited,Real Estate,"162,680,000",0.01,,
FLN,Freelancer Limited,Information Technology,"201,450,000",0.01,,
FLT,Flight Centre Travel,Consumer Discretionary,"6,433,230,000",0.33,,
FMG,Fortescue Metals Group,Materials,"13,669,600,000",0.7,,
FMS,Flinders Mines Limited,Materials,"272,723,000",0.01,,
FNP,Freedom Food Limited,Consumer Staples,"1,642,010,000",0.08,,
FPH,Fisher & Paykel H Foreign Exempt NZX,Health Care,"7,821,860,000",0.4,,
FRI,Finbar Group Limited,Real Estate,"255,878,000",0.01,,
FSA,FSA Group Limited,Financials,"175,130,000",0.01,,
FWD,Fleetwood Corp,Consumer Discretionary,"138,988,000",0.01,,
FXJ,Fairfax Media Limited,Consumer Discretionary,"1,724,610,000",0.09,,
FXL,Flexigroup Limited,Financials,"830,895,000",0.04,,
GCS,Global Construction,Industrials,"157,749,000",0.01,,
GCY,Gascoyne Res Limited,Materials,"215,178,000",0.01,,
GDF,Garda DIV Prop Fund Ordinary Units FP,Real Estate,"161,288,000",0.01,,
GDI,GDI Property Group Stapled Securities FP,Real Estate,"692,298,000",0.04,,
GEM,G8 Education Limited,Consumer Discretionary,"1,056,600,000",0.05,,
GMA,Genworth Mortgage,Financials,"1,213,320,000",0.06,,
GMG,Goodman Group Stapled Securities FP,Real Estate,"17,323,300,000",0.89,,
GNC,Graincorp Limited Class A,Consumer Staples,"1,757,610,000",0.09,,
GNG,GR Engineering Limited,Materials,"213,100,000",0.01,,
GOR,Gold Road Res Limited,Materials,"649,349,000",0.03,,
GOW,Gowing Bros. Limited,Financials,"155,136,000",0.01,,
GOZ,Growthpoint Property Unit/ Stapled Securities,Real Estate,"2,438,140,000",0.13,,
GPT,GPT Group Stapled Securities FP,Real Estate,"9,132,750,000",0.47,,
GRR,Grange Resources,Materials,"202,534,000",0.01,,
GSC,Global Geoscience,Materials,"529,019,000",0.03,,
GSW,Getswift Limited,Information Technology,"36,211,700",0,,
GTN,GTN Limited,Consumer Discretionary,"489,891,000",0.03,,
GTY,Gateway Lifestyle Stapled Securities,Real Estate,"707,683,000",0.04,,
GUD,G.U.D. Holdings,Consumer Discretionary,"1,220,390,000",0.06,,
GWA,GWA Group Limited,Industrials,"897,422,000",0.05,,
GXL,Greencross Limited,Consumer Discretionary,"537,485,000",0.03,,
GXY,Galaxy Resources,Materials,"1,234,650,000",0.06,,
HAS,Hastings Tech Met,Materials,"160,012,000",0.01,,
HFR,Highfield Res Limited,Materials,"247,069,000",0.01,,
HLO,Helloworld Travl Limited,Consumer Discretionary,"597,639,000",0.03,,
HOM,Homeloans Limited,Financials,"227,628,000",0.01,,
HPI,Hotel Property Stapled Security FP,Real Estate,"461,693,000",0.02,,
HRR,Heron Resources,Materials,"152,250,000",0.01,,
HSN,Hansen Technologies,Information Technology,"619,442,000",0.03,,
HSO,Healthscope Limited,Health Care,"3,844,740,000",0.2,,
HT1,HT&E Limited,Consumer Discretionary,"775,369,000",0.04,,
HTA,Hutchison,Telecommunication Services,"637,908,000",0.03,,
HUB,HUB24 Limited,Financials,"711,349,000",0.04,,
HUO,Huon Aquaculture Group,Consumer Staples,"389,524,000",0.02,,
HVN,Harvey Norman,Consumer Discretionary,"3,699,110,000",0.19,,
IAG,Insurance Australia,Financials,"20,195,000,000",1.04,,
IDR,Industria REIT Stapled Securities,Real Estate,"431,525,000",0.02,,
IDX,Integral Diagnostics,Health Care,"438,033,000",0.02,,
IEL,Idp Education Limited,Consumer Discretionary,"2,630,600,000",0.14,,
IFL,IOOF Holdings Limited,Financials,"3,156,170,000",0.16,,
IFM,Infomedia Limited,Information Technology,"298,391,000",0.02,,
IFN,Infigen Energy Stapled Securities FP,Utilities,"629,680,000",0.03,,
IGL,Ivegroup,Consumer Discretionary,"339,157,000",0.02,,
IGO,Independence Group,Materials,"3,016,780,000",0.16,,
ILU,Iluka Resources,Materials,"4,718,430,000",0.24,,
IMD,IMDEX Limited,Materials,"456,523,000",0.02,,
IMF,IMF Bentham Limited,Financials,"521,590,000",0.03,,
INA,Ingenia Group Units FP Stapled Securities,Real Estate,"640,922,000",0.03,,
ING,Inghams Group,Consumer Staples,"1,452,530,000",0.07,,
INM,Iron Mountain Incorp Cdi 1:1 Foreign Exempt NYSE,Real Estate,"2,261,690,000",0.12,,
IOF,Investa Office Fund Stapled Securities,Real Estate,"3,129,730,000",0.16,,
IPD,Impedimed Limited,Health Care,"149,669,000",0.01,,
IPH,IPH Limited,Industrials,"878,170,000",0.05,,
IPL,Incitec Pivot,Materials,"6,029,750,000",0.31,,
IRE,Iress Limited,Information Technology,"2,084,620,000",0.11,,
IRI,Integrated Research,Information Technology,"533,928,000",0.03,,
ISD,Isentia Group Limited,Information Technology,"141,000,000",0.01,,
ISU,Iselect Limited,Consumer Discretionary,"178,003,000",0.01,,
IVC,Invocare Limited,Consumer Discretionary,"1,511,820,000",0.08,,
JBH,JB Hi-Fi Limited,Consumer Discretionary,"2,587,170,000",0.13,,
JHC,Japara Healthcare LT,Health Care,"479,927,000",0.02,,
JHG,Janus Henderson Chess Depositary Interests,Financials,"3,124,830,000",0.16,,
JHX,James Hardie Indust Chess Depositary Interests 1:1,Materials,"10,013,800,000",0.51,,
JIN,Jumbo Interactive,Consumer Discretionary,"271,871,000",0.01,,
JLG,Johns LYNG Group,Industrials,"287,438,000",0.01,,
KAR,Karoon Gas Australia,Energy,"277,537,000",0.01,,
KDR,Kidman Resources Limited,Materials,"741,323,000",0.04,,
KGN,Kogan.com Limited,Consumer Discretionary,"631,873,000",0.03,,
KMD,Kathmandu Hold Limited,Consumer Discretionary,"603,844,000",0.03,,
KSC,K & S Corporation,Industrials,"200,492,000",0.01,,
LEP,Ale Property Group Ordinary/Units FP Stapled Securities,Real Estate,"1,094,350,000",0.06,,
LIC,Lifestyle Communit,Real Estate,"611,589,000",0.03,,
LLC,Lendlease Group Unit/ Stapled Securities,Real Estate,"11,376,100,000",0.58,,
LNG,Liquefied Natural,Energy,"330,685,000",0.02,,
LNK,Link Admin HLDG,Information Technology,"3,881,550,000",0.2,,
LOV,Lovisa Holdings Limited,Consumer Discretionary,"1,228,690,000",0.06,,
LVH,Livehire Limited,Information Technology,"152,921,000",0.01,,
LYC,Lynas Corporation,Materials,"1,550,360,000",0.08,,
LYL,Lycopodium Limited,Industrials,"184,756,000",0.01,,
MAH,Macmahon Holdings,Materials,"463,322,000",0.02,,
MAQ,Macquarie Telecom GP,Telecommunication Services,"429,075,000",0.02,,
MDC,Medlab Clinical Limited,Health Care,"114,412,000",0.01,,
MDL,Mineral Deposits,Materials,"330,936,000",0.02,,
MFG,Magellan Fin Group Limited,Financials,"4,105,720,000",0.21,,
MGR,Mirvac Group Stapled Securities,Real Estate,"8,052,590,000",0.41,,
MGX,Mount Gibson Iron,Materials,"477,005,000",0.02,,
MHJ,Michael Hill Int,Consumer Discretionary,"375,815,000",0.02,,
MIN,Mineral Resources,Materials,"3,005,110,000",0.15,,
MLD,Maca Limited,Materials,"321,609,000",0.02,,
MLX,Metals X Limited,Materials,"489,710,000",0.03,,
MMI,Metro Mining Limited,Energy,"277,788,000",0.01,,
MMS,Mcmillan Shakespeare,Industrials,"1,331,280,000",0.07,,
MND,Monadelphous Group,Industrials,"1,417,270,000",0.07,,
MNF,MNF Group Limited,Telecommunication Services,"383,869,000",0.02,,
MNS,Magnis Resource Limited,Materials,"217,694,000",0.01,,
MNY,MONEY3 Corporation,Financials,"339,816,000",0.02,,
MOC,Mortgage Choice Limited,Financials,"176,871,000",0.01,,
MOE,Moelis Australia Limited,Financials,"924,397,000",0.05,,
MP1,Megaport Limited,Information Technology,"465,323,000",0.02,,
MPL,Medibank Private Limited,Financials,"8,041,690,000",0.41,,
MQG,Macquarie Group Limited,Financials,"42,088,300,000",2.16,,
MRM,Mmaoffshor,Industrials,"218,810,000",0.01,,
MRN,MACQ Media Limited,Consumer Discretionary,"263,344,000",0.01,,
MSB,Mesoblast Limited,Health Care,"701,764,000",0.04,,
MTO,Motorcycle HLDG,Consumer Discretionary,"203,632,000",0.01,,
MTS,Metcash Limited,Consumer Staples,"2,546,430,000",0.13,,
MVF,Monash Ivf Group Limited,Health Care,"254,227,000",0.01,,
MVP,Medical Developments,Health Care,"343,198,000",0.02,,
MWY,Midway Limited,Materials,"197,741,000",0.01,,
MYO,Myob Group Limited,Information Technology,"1,731,440,000",0.09,,
MYR,Myer Holdings Limited,Consumer Discretionary,"303,873,000",0.02,,
MYS,Mystate Limited,Financials,"452,444,000",0.02,,
MYX,Mayne Pharma Limited,Health Care,"1,361,310,000",0.07,,
NAB,National Aust. Bank,Financials,"74,636,200,000",3.84,,
NAN,Nanosonics Limited,Health Care,"945,930,000",0.05,,
NBL,Noni B Limited,Consumer Discretionary,"283,302,000",0.01,,
NCK,Nick Scali Limited,Consumer Discretionary,"545,130,000",0.03,,
NCM,Newcrest Mining,Materials,"16,736,800,000",0.86,,
NCZ,New Century Resource,Materials,"660,203,000",0.03,,
NEA,Nearmap Limited,Information Technology,"446,305,000",0.02,,
NEC,Nine Entertainment,Consumer Discretionary,"2,161,010,000",0.11,,
NEU,Neuren Pharmaceut,Health Care,"298,990,000",0.02,,
NEW,NEW Energy Solar Stapled Securities,Utilities,"481,685,000",0.02,,
NGI,Navigator Global Limited,Financials,"865,870,000",0.04,,
NHC,New Hope Corporation,Energy,"2,485,140,000",0.13,,
NHF,Nib Holdings Limited,Financials,"2,606,280,000",0.13,,
NMT,Neometals Limited,Materials,"163,060,000",0.01,,
NSR,National Storage Stapled Security FP,Real Estate,"919,731,000",0.05,,
NST,Northern Star,Materials,"4,449,100,000",0.23,,
NTC,Netcomm Wireless,Information Technology,"161,695,000",0.01,,
NUF,Nufarm Limited,Materials,"2,903,470,000",0.15,,
NVL,National Veterinary,Health Care,"156,486,000",0.01,,
NVT,Navitas Limited,Consumer Discretionary,"1,590,370,000",0.08,,
NWH,NRW Holdings Limited,Industrials,"628,216,000",0.03,,
NWL,Netwealth Group,Financials,"1,953,730,000",0.1,,
NWS,News Corp Class B Voting Common Stock-Cdi,Consumer Discretionary,"1,116,820,000",0.06,,
NXT,NEXTDC Limited,Information Technology,"2,587,090,000",0.13,,
NZM,NZME Limited Foreign Exempt NZX,Consumer Discretionary,"153,869,000",0.01,,
OCL,Objective Corp,Information Technology,"323,551,000",0.02,,
OFX,OFX Group Limited,Financials,"423,202,000",0.02,,
OGC,Oceanagold Corp Chess Depositary Interest 1:1,Materials,"2,332,630,000",0.12,,
OMH,Om Holdings Limited 10c,Materials,"915,893,000",0.05,,
OML,Ooh!Media Limited,Consumer Discretionary,"816,407,000",0.04,,
OMN,Onemarket,Information Technology,"120,127,000",0.01,,
ONT,1300 Smiles Limited,Health Care,"151,542,000",0.01,,
ORA,Orora Limited,Materials,"4,307,870,000",0.22,,
ORE,Orocobre Limited,Materials,"1,347,870,000",0.07,,
ORG,Origin Energy,Energy,"17,643,300,000",0.91,,
ORI,Orica Limited,Materials,"6,712,270,000",0.35,,
OSH,Oil Search Limited 10 Toea,Energy,"13,560,300,000",0.7,,
OVH,Onevue Holdings Limited,Financials,"211,470,000",0.01,,
OZL,OZ Minerals,Materials,"3,006,710,000",0.15,,
PAC,Pacific Group Limited,Financials,"312,534,000",0.02,,
PAN,Panoramic Resources,Materials,"304,788,000",0.02,,
PCG,Pengana Capital,Financials,"347,521,000",0.02,,
PDL,Pendal Group Limited,Financials,"3,138,740,000",0.16,,
PEA,Pacific Energy,Utilities,"253,065,000",0.01,,
PFP,Propel Funeral,Consumer Discretionary,"279,765,000",0.01,,
PGC,Paragon Care Limited,Health Care,"234,010,000",0.01,,
PGH,Pact Group Holdings Limited,Materials,"1,752,190,000",0.09,,
PHI,Phileo Australia,Real Estate,"384,151,000",0.02,,
PLG,Propertylink Group Stapled Securities US Prohibited,Real Estate,"638,947,000",0.03,,
PLS,Pilbara Min Limited,Materials,"1,509,000,000",0.08,,
PME,Pro Medicus Limited,Health Care,"829,020,000",0.04,,
PMP,PMP Limited,Industrials,"119,893,000",0.01,,
PMV,Premier Investments,Consumer Discretionary,"2,668,720,000",0.14,,
PNC,Pioneer Credit Limited,Financials,"194,609,000",0.01,,
PNI,Pinnacle Investment,Financials,"880,275,000",0.05,,
PNR,Pantoro Limited,Materials,"236,813,000",0.01,,
PNV,Polynovo Limited,Health Care,"352,077,000",0.02,,
PPC,Peet Limited,Real Estate,"646,774,000",0.03,,
PPG,Pro-Pac Packaging,Materials,"215,956,000",0.01,,
PPH,Pushpay Holdings Limited Foreign Exempt NZX,Information Technology,"1,054,590,000",0.05,,
PPS,Praemium Limited,Information Technology,"352,412,000",0.02,,
PPT,Perpetual Limited,Financials,"1,937,500,000",0.1,,
PRU,Perseus Mining Limited,Materials,"444,975,000",0.02,,
PRY,Primary Health Care,Health Care,"1,821,270,000",0.09,,
PSI,PSC Insurance Limited,Financials,"699,078,000",0.04,,
PSQ,Pacific Smiles Group,Health Care,"238,630,000",0.01,,
PTM,Platinum Asset,Financials,"3,379,270,000",0.17,,
PWH,PWR Holdings Limited,Consumer Discretionary,"271,000,000",0.01,,
QAN,Qantas Airways,Industrials,"10,370,800,000",0.53,,
QBE,QBE Insurance Group,Financials,"13,209,100,000",0.68,,
QIP,QANTM Intellectual,Industrials,"139,550,000",0.01,,
QMS,QMS Media Limited,Consumer Discretionary,"353,484,000",0.02,,
QUB,QUBE Holdings Limited,Industrials,"3,868,020,000",0.2,,
RBL,Redbubble Limited,Information Technology,"328,556,000",0.02,,
RCR,RCR Tomlinson,Industrials,"492,767,000",0.03,,
REA,REA Group,Information Technology,"11,968,900,000",0.62,,
REG,Regis Healthcare Limited,Health Care,"985,753,000",0.05,,
REH,Reece Limited,Industrials,"7,094,410,000",0.36,,
REX,Regional Express,Industrials,"157,521,000",0.01,,
RFF,Rural Funds Group Stapled Securities FP,Real Estate,"541,937,000",0.03,,
RFG,Retail Food Group,Consumer Discretionary,"98,682,600",0.01,,
RHC,Ramsay Health Care,Health Care,"10,908,300,000",0.56,,
RHL,Ruralco Holdings,Consumer Discretionary,"322,193,000",0.02,,
RIC,Ridley Corporation,Consumer Staples,"423,248,000",0.02,,
RIO,RIO Tinto Limited,Materials,"34,411,900,000",1.77,,
RKN,Reckon Limited,Information Technology,"109,896,000",0.01,,
RMD,Resmed Inc Cdi 10:1 Foreign Exempt NYSE,Health Care,"20,124,000,000",1.03,,
RMS,Ramelius Resources,Materials,"306,535,000",0.02,,
RND,Rand Mining Limited,Materials,"162,401,000",0.01,,
RRL,Regis Resources,Materials,"2,582,670,000",0.13,,
RSG,Resolute Mining,Materials,"945,384,000",0.05,,
RUL,Rpmglobal Holdings Limited,Information Technology,"133,874,000",0.01,,
RVA,Reva Medical Inc Cdi 10:1,Health Care,"245,413,000",0.01,,
RWC,Reliance Worldwide,Industrials,"4,234,910,000",0.22,,
S32,SOUTH32 Limited,Materials,"18,513,600,000",0.95,,
SAR,Saracen Mineral,Materials,"1,791,440,000",0.09,,
SBM,ST Barbara Limited,Materials,"2,514,090,000",0.13,,
SCG,Scentre Group Stapled Securities,Real Estate,"23,348,400,000",1.2,,
SCO,Scott Pac Group Limited,Financials,"445,413,000",0.02,,
SCP,Sca Property Group Units FP Stapled Securities,Real Estate,"1,835,430,000",0.09,,
SDA,Speedcast Int Limited,Telecommunication Services,"1,477,090,000",0.08,,
SDF,Steadfast Group Limited,Financials,"2,228,430,000",0.11,,
SDG,Sunland Group Limited,Real Estate,"277,057,000",0.01,,
SEH,Sino Gas Energy,Energy,"476,742,000",0.02,,
SEK,Seek Limited,Industrials,"7,656,530,000",0.39,,
SFR,Sandfire Resources,Materials,"1,450,780,000",0.07,,
SGF,SG Fleet Group Limited,Industrials,"952,225,000",0.05,,
SGH,Slater & Gordon,Consumer Discretionary,"133,492,000",0.01,,
SGM,Sims Metal MGMT Limited,Materials,"3,258,810,000",0.17,,
SGP,Stockland Units/ Stapled Securities,Real Estate,"9,664,840,000",0.5,,
SGR,The Star Ent Group,Consumer Discretionary,"4,522,400,000",0.23,,
SHL,Sonic Healthcare,Health Care,"10,415,200,000",0.54,,
SHV,Select Harvests,Consumer Staples,"657,062,000",0.03,,
SIG,Sigma Health Limited,Health Care,"858,188,000",0.04,,
SIQ,Smartgrp Corporation,Industrials,"1,528,470,000",0.08,,
SIV,Silver Chef Limited,Industrials,"148,433,000",0.01,,
SKC,Skycity Ent Group Limited Foreign Exempt NZX,Consumer Discretionary,"2,415,180,000",0.12,,
SKI,Spark Infrastructure Stapled $0.65 Loan Note and Unit US Prohib,Utilities,"3,834,980,000",0.2,,
SKT,Sky Network,Consumer Discretionary,"933,935,000",0.05,,
SLC,Superloop Limited,Telecommunication Services,"575,786,000",0.03,,
SLK,Sealink Travel Group,Consumer Discretionary,"448,113,000",0.02,,
SLR,Silver Lake Resource,Materials,"302,368,000",0.02,,
SOL,Soul Pattinson (W.H),Energy,"4,953,090,000",0.25,,
SOM,Somnomed Limited,Health Care,"136,852,000",0.01,,
SPK,Spark New Zealand Foreign Exempt NZX,Telecommunication Services,"6,277,040,000",0.32,,
SPL,Starpharma Holdings,Health Care,"431,685,000",0.02,,
SRV,Servcorp Limited,Real Estate,"409,478,000",0.02,,
SRX,Sirtex Medical,Health Care,"1,754,060,000",0.09,,
SSM,Service Stream,Industrials,"543,917,000",0.03,,
SST,Steamships Trading 50 Toea,Industrials,"573,652,000",0.03,,
STO,Santos Limited,Energy,"13,059,900,000",0.67,,
SUL,Super Ret Rep Limited,Consumer Discretionary,"1,597,640,000",0.08,,
SUN,Suncorp Group Limited,Financials,"18,945,200,000",0.97,,
SVW,Seven Group Holdings,Industrials,"6,022,710,000",0.31,,
SWM,Seven West Media Limited,Consumer Discretionary,"1,266,750,000",0.07,,
SXE,STH CRS Elect ENGNR,Industrials,"165,443,000",0.01,,
SXL,STHN Cross Media,Consumer Discretionary,"1,007,410,000",0.05,,
SXY,SENEX Energy Limited,Energy,"629,563,000",0.03,,
SYD,SYD Airport FP Stapled Securities US Prohibited,Industrials,"16,133,000,000",0.83,,
SYR,Syrah Resources,Materials,"859,585,000",0.04,,
TAH,Tabcorp Holdings Limited,Consumer Discretionary,"8,977,860,000",0.46,,
TAW,Tawana Resources NL,Materials,"234,355,000",0.01,,
TBR,Tribune Res Limited,Materials,"317,519,000",0.02,,
TCL,Transurban Group Ordinary Shares/Units FP Triple Stapled,Industrials,"26,630,000,000",1.37,,
TGP,360 Capital Group Stapled Securities FP,Real Estate,"231,955,000",0.01,,
TGR,Tassal Group Limited,Consumer Staples,"720,515,000",0.04,,
TLS,Telstra Corporation,Telecommunication Services,"31,160,400,000",1.6,,
TME,Trade Me Group Foreign Exempt NZX,Consumer Discretionary,"1,695,520,000",0.09,,
TNE,Technology One,Information Technology,"1,341,040,000",0.07,,
TPE,Tpi Enterprises,Health Care,"111,898,000",0.01,,
TPM,TPG Telecom Limited,Telecommunication Services,"4,796,790,000",0.25,,
TTM,Titan Minerals,Materials,"65,405,000",0,,
TWE,Treasury Wine Estate,Consumer Staples,"12,497,600,000",0.64,,
TZN,Terramin Australia,Materials,"196,295,000",0.01,,
UOS,United Overseas Aust,Real Estate,"340,317,000",0.02,,
UPD,Updater Inc Chess Depositary Interests 25:1 Forus,Information Technology,"618,648,000",0.03,,
URF,US Masters Res Fund Ordinary Units FP,Real Estate,"562,868,000",0.03,,
URW,Unibailrodawestfield Chess Depositary Interests 20:1,Real Estate,"9,707,060,000",0.5,,
VAH,Virgin Aus HLDG Limited,Industrials,"1,857,950,000",0.1,,
VCX,Vicinity Centres Ordinary/Units FP Stapled Securities,Real Estate,"10,027,500,000",0.52,,
VLW,Villa World Limited,Real Estate,"281,776,000",0.01,,
VOC,Vocus Group Limited,Telecommunication Services,"1,437,250,000",0.07,,
VRL,Village Roadshow Limited,Consumer Discretionary,"373,896,000",0.02,,
VRT,Virtus Health Limited,Health Care,"462,242,000",0.02,,
VTG,Vita Group Limited,Consumer Discretionary,"157,183,000",0.01,,
VVR,Viva Energy REIT Stapled Securities,Real Estate,"1,632,940,000",0.08,,
WAF,West African Res Limited,Materials,"262,513,000",0.01,,
WBA,Webster Limited,Consumer Staples,"673,722,000",0.03,,
WBC,Westpac Banking Corp,Financials,"100,305,000,000",5.16,,
WEB,Webjet Limited,Consumer Discretionary,"1,598,280,000",0.08,,
WES,Wesfarmers Limited,Consumer Staples,"55,966,400,000",2.88,,
WGN,Wagners HLD Company,Materials,"701,984,000",0.04,,
WGX,Westgold Resources,Materials,"671,753,000",0.03,,
WHC,Whitehaven Coal,Energy,"5,930,550,000",0.3,,
WLL,Wellcom Group Limited,Industrials,"171,829,000",0.01,,
WOR,Worleyparsons Limited,Energy,"4,771,890,000",0.25,,
WOW,Woolworths Group Limited,Consumer Staples,"40,082,600,000",2.06,,
WPL,Woodside Petroleum,Energy,"33,195,900,000",1.71,,
WPP,WPP AUNZ Limited,Consumer Discretionary,"860,673,000",0.04,,
WSA,Western Areas Limited,Materials,"971,142,000",0.05,,
WTC,Wisetech Global Limited,Information Technology,"4,685,190,000",0.24,,
XAM,Xanadu Mines Limited,Materials,"100,111,000",0.01,,
XRO,Xero Limited,Information Technology,"6,249,100,000",0.32,,
YAL,Yancoal Aust Limited,Energy,"6,154,740,000",0.32,,
YOJ,Yojee Limited,Information Technology,"103,604,000",0.01,,
Z1P,ZIP Co Limited,Financials,"255,649,000",0.01,,
ZEL,Z Energy Limited Foreign Exempt NZX,Energy,"2,800,000,000",0.14,,
ZIM,Zimplats Holding Limited 10c US,Materials,"645,826,000",0.03,,